<?xml version="1.0" encoding="utf-8"?>
<UnitConversions xmlns:xsd="http://www.w3.org/2001/XMLSchema" xmlns:xsi="http://www.w3.org/2001/XMLSchema-instance">
  <UnitConversion Label="seconds" Multiplier="1" Offset="0" ShowInUi="false" Default="false" DefaultLarge="false" DefaultNormal="false" DefaultSmall="false" />
  <UnitConversion Label="sec" Multiplier="1" Offset="0" ShowInUi="false" Default="false" DefaultLarge="false" DefaultNormal="false" DefaultSmall="false" />
  <UnitConversion Label="s" Multiplier="1" Offset="0" ShowInUi="true" Default="true" DefaultLarge="false" DefaultNormal="false" DefaultSmall="false" />
  <UnitConversion Label="sc" Multiplier="1" Offset="0" ShowInUi="false" Default="false" DefaultLarge="false" DefaultNormal="false" DefaultSmall="false" />
  <UnitConversion Label="minute" Multiplier="60" Offset="0" ShowInUi="false" Default="false" DefaultLarge="false" DefaultNormal="false" DefaultSmall="false" />
  <UnitConversion Label="min" Multiplier="60" Offset="0" ShowInUi="true" Default="false" DefaultLarge="false" DefaultNormal="false" DefaultSmall="false" />
  <UnitConversion Label="hours" Multiplier="3600" Offset="0" ShowInUi="false" Default="false" DefaultLarge="false" DefaultNormal="false" DefaultSmall="false" />
  <UnitConversion Label="hour" Multiplier="3600" Offset="0" ShowInUi="false" Default="false" DefaultLarge="false" DefaultNormal="false" DefaultSmall="false" />
  <UnitConversion Label="hr" Multiplier="3600" Offset="0" ShowInUi="true" Default="false" DefaultLarge="false" DefaultNormal="false" DefaultSmall="false" />
  <UnitConversion Label="day" Multiplier="86400" Offset="0" ShowInUi="false" Default="false" DefaultLarge="false" DefaultNormal="false" DefaultSmall="false" />
  <UnitConversion Label="days" Multiplier="86400" Offset="0" ShowInUi="true" Default="false" DefaultLarge="false" DefaultNormal="false" DefaultSmall="false" />
  <UnitConversion Label="week" Multiplier="604800" Offset="0" ShowInUi="false" Default="false" DefaultLarge="false" DefaultNormal="false" DefaultSmall="false" />
  <UnitConversion Label="weeks" Multiplier="604800" Offset="0" ShowInUi="true" Default="false" DefaultLarge="false" DefaultNormal="false" DefaultSmall="false" />
  <UnitConversion Label="yr" Multiplier="31556900" Offset="0" ShowInUi="true" Default="false" DefaultLarge="false" DefaultNormal="false" DefaultSmall="false" />
  <UnitConversion Label="year" Multiplier="31556900" Offset="0" ShowInUi="false" Default="false" DefaultLarge="false" DefaultNormal="false" DefaultSmall="false" />
  <UnitConversion Label="years" Multiplier="31556900" Offset="0" ShowInUi="false" Default="false" DefaultLarge="false" DefaultNormal="false" DefaultSmall="false" />
  <UnitConversion Label="ms" Multiplier="0.001" Offset="0" ShowInUi="true" Default="false" DefaultLarge="false" DefaultNormal="false" DefaultSmall="false" />
  <UnitConversion Label="us" Multiplier="1E-06" Offset="0" ShowInUi="true" Default="false" DefaultLarge="false" DefaultNormal="false" DefaultSmall="false" />
  <UnitConversion Label="ns" Multiplier="1E-09" Offset="0" ShowInUi="true" Default="false" DefaultLarge="false" DefaultNormal="false" DefaultSmall="false" />
  <UnitConversion Label="nanoseconds" Multiplier="1E-09" Offset="0" ShowInUi="false" Default="false" DefaultLarge="false" DefaultNormal="false" DefaultSmall="false" />
</UnitConversions>