<?xml version="1.0" encoding="utf-8"?>
<UnitConversions xmlns:xsd="http://www.w3.org/2001/XMLSchema" xmlns:xsi="http://www.w3.org/2001/XMLSchema-instance">
  <UnitConversion Label="volt" Multiplier="1" Offset="0" ShowInUi="false" Default="false" DefaultLarge="false" DefaultNormal="false" DefaultSmall="false" />
  <UnitConversion Label="volts" Multiplier="1" Offset="0" ShowInUi="false" Default="false" DefaultLarge="false" DefaultNormal="false" DefaultSmall="false" />
  <UnitConversion Label="kV" Multiplier="1000" Offset="0" ShowInUi="true" Default="false" DefaultLarge="false" DefaultNormal="false" DefaultSmall="false" />
  <UnitConversion Label="V" Multiplier="1" Offset="0" ShowInUi="true" Default="true" DefaultLarge="false" DefaultNormal="false" DefaultSmall="false" />
  <UnitConversion Label="cV" Multiplier="0.01" Offset="0" ShowInUi="true" Default="false" DefaultLarge="false" DefaultNormal="false" DefaultSmall="false" />
  <UnitConversion Label="millivolt" Multiplier="0.001" Offset="0" ShowInUi="true" Default="false" DefaultLarge="false" DefaultNormal="false" DefaultSmall="false" />
  <UnitConversion Label="millivolts" Multiplier="0.001" Offset="0" ShowInUi="true" Default="false" DefaultLarge="false" DefaultNormal="false" DefaultSmall="false" />
  <UnitConversion Label="uV" Multiplier="1E-06" Offset="0" ShowInUi="true" Default="false" DefaultLarge="false" DefaultNormal="false" DefaultSmall="false" />
</UnitConversions>