<?xml version = "1.0" standalone = "yes"?>
<TimelineLine_Prefs STK_version = "12.2.0">
    <Views Type = "Content">
        <ContentView Name = "Scenario Availability">
            <Row ClassName = "Access" ComponentName = "AccessIntervals" DisplayName = "Satellite-ISS-Sensor-MiddleOfISS-To-Place-London AccessIntervals" IsDefaultName = "True" IsExpanded = "False" IsGroup = "False" IsHidden = "False" Path = "Access:/Application/STK/Scenario/DynamicSenAzElMask/Satellite/ISS/Sensor/MiddleOfISS;/Application/STK/Scenario/DynamicSenAzElMask/Place/London" Type = "IntervalList">
                <Interval Name = "Satellite-ISS-Sensor-MiddleOfISS-To-Place-London AccessIntervals" StartTime = "10 Sep 2019 04:18:40.720" StopTime = "10 Sep 2019 04:22:45.227" />
            </Row>
            <Row ClassName = "Sensor" ComponentName = "AzElIntervalListMiddleOfISSToLondon" DisplayName = "MiddleOfISS AzElIntervalListMiddleOfISSToLondon" IsDefaultName = "True" IsExpanded = "False" IsGroup = "False" IsHidden = "False" Path = "/Application/STK/Scenario/DynamicSenAzElMask/Satellite/ISS/Sensor/MiddleOfISS" Type = "IntervalList">
                <Interval Name = "MiddleOfISS AzElIntervalListMiddleOfISSToLondon" StartTime = "10 Sep 2019 04:20:05.739" StopTime = "10 Sep 2019 04:20:47.999" />
                <Interval Name = "MiddleOfISS AzElIntervalListMiddleOfISSToLondon" StartTime = "10 Sep 2019 04:20:49.247" StopTime = "10 Sep 2019 04:21:50.363" />
                <Interval Name = "MiddleOfISS AzElIntervalListMiddleOfISSToLondon" StartTime = "10 Sep 2019 04:22:22.986" StopTime = "10 Sep 2019 04:22:45.227" />
            </Row>
            <Row ClassName = "Access" ComponentName = "AccessIntervals" DisplayName = "Satellite-ISS-Sensor-MiddleOfISS-To-Place-Paris AccessIntervals" IsDefaultName = "True" IsExpanded = "False" IsGroup = "False" IsHidden = "False" Path = "Access:/Application/STK/Scenario/DynamicSenAzElMask/Satellite/ISS/Sensor/MiddleOfISS;/Application/STK/Scenario/DynamicSenAzElMask/Place/Paris" Type = "IntervalList">
                <Interval Name = "Satellite-ISS-Sensor-MiddleOfISS-To-Place-Paris AccessIntervals" StartTime = "10 Sep 2019 04:19:14.270" StopTime = "10 Sep 2019 04:23:28.870" />
            </Row>
            <Row ClassName = "Sensor" ComponentName = "AzElIntervalListMiddleOfISSToParis" DisplayName = "MiddleOfISS AzElIntervalListMiddleOfISSToParis" IsDefaultName = "True" IsExpanded = "False" IsGroup = "False" IsHidden = "False" Path = "/Application/STK/Scenario/DynamicSenAzElMask/Satellite/ISS/Sensor/MiddleOfISS" Type = "IntervalList">
                <Interval Name = "MiddleOfISS AzElIntervalListMiddleOfISSToParis" StartTime = "10 Sep 2019 04:19:14.270" StopTime = "10 Sep 2019 04:19:34.261" />
                <Interval Name = "MiddleOfISS AzElIntervalListMiddleOfISSToParis" StartTime = "10 Sep 2019 04:20:45.118" StopTime = "10 Sep 2019 04:21:10.938" />
                <Interval Name = "MiddleOfISS AzElIntervalListMiddleOfISSToParis" StartTime = "10 Sep 2019 04:21:32.632" StopTime = "10 Sep 2019 04:22:26.727" />
                <Interval Name = "MiddleOfISS AzElIntervalListMiddleOfISSToParis" StartTime = "10 Sep 2019 04:22:59.701" StopTime = "10 Sep 2019 04:23:28.870" />
            </Row>
            <Row ClassName = "Access" ComponentName = "AccessIntervals" DisplayName = "Satellite-ISS-Sensor-MiddleOfISS-To-Place-Venice AccessIntervals" IsDefaultName = "True" IsExpanded = "False" IsGroup = "False" IsHidden = "False" Path = "Access:/Application/STK/Scenario/DynamicSenAzElMask/Satellite/ISS/Sensor/MiddleOfISS;/Application/STK/Scenario/DynamicSenAzElMask/Place/Venice" Type = "IntervalList">
                <Interval Name = "Satellite-ISS-Sensor-MiddleOfISS-To-Place-Venice AccessIntervals" StartTime = "10 Sep 2019 04:21:16.879" StopTime = "10 Sep 2019 04:25:31.605" />
            </Row>
            <Row ClassName = "Sensor" ComponentName = "AzElIntervalListMiddleOfISSToVenice" DisplayName = "MiddleOfISS AzElIntervalListMiddleOfISSToVenice" IsDefaultName = "True" IsExpanded = "False" IsGroup = "False" IsHidden = "False" Path = "/Application/STK/Scenario/DynamicSenAzElMask/Satellite/ISS/Sensor/MiddleOfISS" Type = "IntervalList">
                <Interval Name = "MiddleOfISS AzElIntervalListMiddleOfISSToVenice" StartTime = "10 Sep 2019 04:21:16.879" StopTime = "10 Sep 2019 04:21:37.083" />
                <Interval Name = "MiddleOfISS AzElIntervalListMiddleOfISSToVenice" StartTime = "10 Sep 2019 04:22:48.553" StopTime = "10 Sep 2019 04:23:13.481" />
                <Interval Name = "MiddleOfISS AzElIntervalListMiddleOfISSToVenice" StartTime = "10 Sep 2019 04:23:35.435" StopTime = "10 Sep 2019 04:24:27.504" />
                <Interval Name = "MiddleOfISS AzElIntervalListMiddleOfISSToVenice" StartTime = "10 Sep 2019 04:25:05.371" StopTime = "10 Sep 2019 04:25:31.605" />
            </Row>
            <Row ClassName = "Access" ComponentName = "AccessIntervals" DisplayName = "Satellite-ISS-Sensor-BackOfISS-To-Place-London AccessIntervals" IsDefaultName = "True" IsExpanded = "False" IsGroup = "False" IsHidden = "False" Path = "Access:/Application/STK/Scenario/DynamicSenAzElMask/Satellite/ISS/Sensor/BackOfISS;/Application/STK/Scenario/DynamicSenAzElMask/Place/London" Type = "IntervalList">
                <Interval Name = "Satellite-ISS-Sensor-BackOfISS-To-Place-London AccessIntervals" StartTime = "10 Sep 2019 04:22:00.301" StopTime = "10 Sep 2019 04:26:07.031" />
            </Row>
            <Row ClassName = "Sensor" ComponentName = "AzElIntervalListBackOfISSToLondon" DisplayName = "BackOfISS AzElIntervalListBackOfISSToLondon" IsDefaultName = "True" IsExpanded = "False" IsGroup = "False" IsHidden = "False" Path = "/Application/STK/Scenario/DynamicSenAzElMask/Satellite/ISS/Sensor/BackOfISS" Type = "IntervalList">
                <Interval Name = "BackOfISS AzElIntervalListBackOfISSToLondon" StartTime = "10 Sep 2019 04:22:00.301" StopTime = "10 Sep 2019 04:24:49.127" />
            </Row>
            <Row ClassName = "Access" ComponentName = "AccessIntervals" DisplayName = "Satellite-ISS-Sensor-BackOfISS-To-Place-Paris AccessIntervals" IsDefaultName = "True" IsExpanded = "False" IsGroup = "False" IsHidden = "False" Path = "Access:/Application/STK/Scenario/DynamicSenAzElMask/Satellite/ISS/Sensor/BackOfISS;/Application/STK/Scenario/DynamicSenAzElMask/Place/Paris" Type = "IntervalList">
                <Interval Name = "Satellite-ISS-Sensor-BackOfISS-To-Place-Paris AccessIntervals" StartTime = "10 Sep 2019 04:22:14.136" StopTime = "10 Sep 2019 04:26:47.910" />
            </Row>
            <Row ClassName = "Sensor" ComponentName = "AzElIntervalListBackOfISSToParis" DisplayName = "BackOfISS AzElIntervalListBackOfISSToParis" IsDefaultName = "True" IsExpanded = "False" IsGroup = "False" IsHidden = "False" Path = "/Application/STK/Scenario/DynamicSenAzElMask/Satellite/ISS/Sensor/BackOfISS" Type = "IntervalList">
                <Interval Name = "BackOfISS AzElIntervalListBackOfISSToParis" StartTime = "10 Sep 2019 04:22:14.136" StopTime = "10 Sep 2019 04:24:10.000" />
            </Row>
            <Row ClassName = "Access" ComponentName = "AccessIntervals" DisplayName = "Satellite-ISS-Sensor-BackOfISS-To-Place-Venice AccessIntervals" IsDefaultName = "True" IsExpanded = "False" IsGroup = "False" IsHidden = "False" Path = "Access:/Application/STK/Scenario/DynamicSenAzElMask/Satellite/ISS/Sensor/BackOfISS;/Application/STK/Scenario/DynamicSenAzElMask/Place/Venice" Type = "IntervalList">
                <Interval Name = "Satellite-ISS-Sensor-BackOfISS-To-Place-Venice AccessIntervals" StartTime = "10 Sep 2019 04:24:16.812" StopTime = "10 Sep 2019 04:28:50.385" />
            </Row>
            <Row ClassName = "Sensor" ComponentName = "AzElIntervalListBackOfISSToVenice" DisplayName = "BackOfISS AzElIntervalListBackOfISSToVenice" IsDefaultName = "True" IsExpanded = "False" IsGroup = "False" IsHidden = "False" Path = "/Application/STK/Scenario/DynamicSenAzElMask/Satellite/ISS/Sensor/BackOfISS" Type = "IntervalList">
                <Interval Name = "BackOfISS AzElIntervalListBackOfISSToVenice" StartTime = "10 Sep 2019 04:24:16.812" StopTime = "10 Sep 2019 04:25:49.578" />
            </Row>
        </ContentView>
    </Views>
    <Views Type = "Time">
        <TimeView FullViewRulerStartTime = "0.000000" FullViewRulerStopTime = "0.000000" GlobalIntervalComp = "AnalysisInterval" GlobalIntervalCompPath = "/Application/STK/Scenario/DynamicSenAzElMask" GlobalStartOffset = "0.000000" GlobalStartTime = "10 Sep 2019 04:00:00.000" GlobalStopOffset = "0.000000" GlobalStopTime = "10 Sep 2019 05:23:20.000" MaxFullViewTime = "0.000000" MinFullViewTime = "0.000000" Name = "Scenario Analysis Period" ViewportStartTime = "0.000000" ViewportStopTime = "0.000000" />
    </Views>
</TimelineLine_Prefs>