<?xml version = "1.0" standalone = "yes"?>
<TimelineLine_Prefs STK_version = "12.0.1">
    <Views Type = "Content">
        <ContentView Name = "Scenario Availability">
            <Row ClassName = "Scenario" ComponentName = "AvailabilityIntervals" DisplayName = "MultipleConstellationRouting AvailabilityIntervals" IsDefaultName = "True" IsExpanded = "False" IsGroup = "False" IsHidden = "False" Path = "/Application/STK/Scenario/MultipleConstellationRouting" Type = "IntervalList">
                <Interval Name = "MultipleConstellationRouting AvailabilityIntervals" StartTime = "17 Sep 2020 19:00:00.000" StopTime = "18 Sep 2020 19:00:00.000" />
            </Row>
        </ContentView>
    </Views>
    <Views Type = "Time">
        <TimeView FullViewRulerStartTime = "0.000000" FullViewRulerStopTime = "0.000000" GlobalIntervalComp = "AnalysisInterval" GlobalIntervalCompPath = "/Application/STK/Scenario/MultipleConstellationRouting" GlobalStartOffset = "0.000000" GlobalStartTime = "17 Sep 2020 19:00:00.000" GlobalStopOffset = "0.000000" GlobalStopTime = "18 Sep 2020 19:00:00.000" MaxFullViewTime = "0.000000" MinFullViewTime = "0.000000" Name = "Scenario Analysis Period" ViewportStartTime = "0.000000" ViewportStopTime = "0.000000" />
    </Views>
</TimelineLine_Prefs>