<?xml version = "1.0" standalone = "yes"?>
<TimelineLine_Prefs STK_version = "12.0.0">
    <Views Type = "Content">
        <ContentView Name = "Scenario Availability">
            <Row ClassName = "Scenario" ComponentName = "AvailabilityIntervals" DisplayName = "TransRecTest AvailabilityIntervals" IsDefaultName = "True" IsExpanded = "False" IsGroup = "False" IsHidden = "False" Path = "/Application/STK/Scenario/TransRecTest" Type = "IntervalList">
                <Interval Name = "TransRecTest AvailabilityIntervals" StartTime = "15 Jun 2020 19:00:00.000" StopTime = "16 Jun 2020 19:00:00.000" />
            </Row>
            <Row ClassName = "Access" ComponentName = "AccessIntervals" DisplayName = "Facility-Facility1-Sensor-Sensor1-Receiver-Receiver8-To-Satellite-LEO13-Transmitter-Transmitter5 AccessIntervals" IsDefaultName = "True" IsExpanded = "False" IsGroup = "False" IsHidden = "False" Path = "Access:/Application/STK/Scenario/TransRecTest/Facility/Facility1/Sensor/Sensor1/Receiver/Receiver8;/Application/STK/Scenario/TransRecTest/Satellite/LEO13/Transmitter/Transmitter5" Type = "IntervalList">
                <Interval Name = "Facility-Facility1-Sensor-Sensor1-Receiver-Receiver8-To-Satellite-LEO13-Transmitter-Transmitter5 AccessIntervals" StartTime = "15 Jun 2020 19:00:00.000" StopTime = "15 Jun 2020 19:02:48.491" />
                <Interval Name = "Facility-Facility1-Sensor-Sensor1-Receiver-Receiver8-To-Satellite-LEO13-Transmitter-Transmitter5 AccessIntervals" StartTime = "15 Jun 2020 20:29:51.623" StopTime = "15 Jun 2020 20:41:40.309" />
                <Interval Name = "Facility-Facility1-Sensor-Sensor1-Receiver-Receiver8-To-Satellite-LEO13-Transmitter-Transmitter5 AccessIntervals" StartTime = "15 Jun 2020 22:10:18.503" StopTime = "15 Jun 2020 22:17:53.820" />
                <Interval Name = "Facility-Facility1-Sensor-Sensor1-Receiver-Receiver8-To-Satellite-LEO13-Transmitter-Transmitter5 AccessIntervals" StartTime = "16 Jun 2020 11:54:59.898" StopTime = "16 Jun 2020 12:00:50.732" />
                <Interval Name = "Facility-Facility1-Sensor-Sensor1-Receiver-Receiver8-To-Satellite-LEO13-Transmitter-Transmitter5 AccessIntervals" StartTime = "16 Jun 2020 13:30:22.600" StopTime = "16 Jun 2020 13:41:55.901" />
                <Interval Name = "Facility-Facility1-Sensor-Sensor1-Receiver-Receiver8-To-Satellite-LEO13-Transmitter-Transmitter5 AccessIntervals" StartTime = "16 Jun 2020 15:08:59.585" StopTime = "16 Jun 2020 15:21:11.656" />
                <Interval Name = "Facility-Facility1-Sensor-Sensor1-Receiver-Receiver8-To-Satellite-LEO13-Transmitter-Transmitter5 AccessIntervals" StartTime = "16 Jun 2020 16:48:35.752" StopTime = "16 Jun 2020 17:00:34.337" />
                <Interval Name = "Facility-Facility1-Sensor-Sensor1-Receiver-Receiver8-To-Satellite-LEO13-Transmitter-Transmitter5 AccessIntervals" StartTime = "16 Jun 2020 18:28:01.534" StopTime = "16 Jun 2020 18:40:12.032" />
            </Row>
            <Row ClassName = "Access" ComponentName = "AccessIntervals" DisplayName = "Satellite-LEO13-Transmitter-Transmitter5-To-Facility-Facility1-Receiver-Receiver1 AccessIntervals" IsDefaultName = "True" IsExpanded = "False" IsGroup = "False" IsHidden = "False" Path = "Access:/Application/STK/Scenario/TransRecTest/Satellite/LEO13/Transmitter/Transmitter5;/Application/STK/Scenario/TransRecTest/Facility/Facility1/Receiver/Receiver1" Type = "IntervalList">
                <Interval Name = "Satellite-LEO13-Transmitter-Transmitter5-To-Facility-Facility1-Receiver-Receiver1 AccessIntervals" StartTime = "15 Jun 2020 19:00:00.000" StopTime = "15 Jun 2020 19:02:48.492" />
                <Interval Name = "Satellite-LEO13-Transmitter-Transmitter5-To-Facility-Facility1-Receiver-Receiver1 AccessIntervals" StartTime = "15 Jun 2020 20:29:51.614" StopTime = "15 Jun 2020 20:41:40.309" />
                <Interval Name = "Satellite-LEO13-Transmitter-Transmitter5-To-Facility-Facility1-Receiver-Receiver1 AccessIntervals" StartTime = "15 Jun 2020 22:10:18.494" StopTime = "15 Jun 2020 22:17:53.820" />
                <Interval Name = "Satellite-LEO13-Transmitter-Transmitter5-To-Facility-Facility1-Receiver-Receiver1 AccessIntervals" StartTime = "16 Jun 2020 11:54:59.891" StopTime = "16 Jun 2020 12:00:50.733" />
                <Interval Name = "Satellite-LEO13-Transmitter-Transmitter5-To-Facility-Facility1-Receiver-Receiver1 AccessIntervals" StartTime = "16 Jun 2020 13:30:22.587" StopTime = "16 Jun 2020 13:41:55.902" />
                <Interval Name = "Satellite-LEO13-Transmitter-Transmitter5-To-Facility-Facility1-Receiver-Receiver1 AccessIntervals" StartTime = "16 Jun 2020 15:08:59.574" StopTime = "16 Jun 2020 15:21:11.657" />
                <Interval Name = "Satellite-LEO13-Transmitter-Transmitter5-To-Facility-Facility1-Receiver-Receiver1 AccessIntervals" StartTime = "16 Jun 2020 16:48:35.738" StopTime = "16 Jun 2020 17:00:34.337" />
                <Interval Name = "Satellite-LEO13-Transmitter-Transmitter5-To-Facility-Facility1-Receiver-Receiver1 AccessIntervals" StartTime = "16 Jun 2020 18:28:01.525" StopTime = "16 Jun 2020 18:40:12.033" />
            </Row>
        </ContentView>
    </Views>
    <Views Type = "Time">
        <TimeView FullViewRulerStartTime = "0.000000" FullViewRulerStopTime = "0.000000" GlobalIntervalComp = "AnalysisInterval" GlobalIntervalCompPath = "/Application/STK/Scenario/TransRecTest" GlobalStartOffset = "0.000000" GlobalStartTime = "15 Jun 2020 19:00:00.000" GlobalStopOffset = "0.000000" GlobalStopTime = "16 Jun 2020 19:00:00.000" MaxFullViewTime = "0.000000" MinFullViewTime = "0.000000" Name = "Scenario Analysis Period" ViewportStartTime = "0.000000" ViewportStopTime = "0.000000" />
    </Views>
</TimelineLine_Prefs>