<?xml version = "1.0" standalone = "yes"?>
<TimelineLine_Prefs STK_version = "10.1.3">
    <Views Type = "Content">
        <ContentView Name = "Scenario Availability">
            <Row ComponentName = "AvailabilityIntervals" DisplayName = "Attitude_Control AvailabilityIntervals" IsDefaultName = "True" IsExpanded = "False" IsGroup = "False" IsHidden = "False" Path = "/Application/STK/Scenario/Attitude_Control" Type = "IntervalList" />
        </ContentView>
    </Views>
    <Views Type = "Time">
        <TimeView FullViewRulerStartTime = "0" FullViewRulerStopTime = "0" GlobalIntervalComp = "AnalysisInterval" GlobalIntervalCompPath = "/Application/STK/Scenario/Attitude_Control" GlobalStartOffset = "0" GlobalStopOffset = "0" MaxFullViewTime = "0" MinFullViewTime = "0" Name = "Scenario Analysis Period" ViewportStartTime = "0" ViewportStopTime = "0" />
    </Views>
</TimelineLine_Prefs>