<?xml version = "1.0" standalone = "yes"?>
<TimelineLine_Prefs STK_version = "12.0.0">
    <Views Type = "Content">
        <ContentView Name = "Scenario Availability">
            <Row ClassName = "Scenario" ComponentName = "AvailabilityIntervals" DisplayName = "SomeHops AvailabilityIntervals" IsDefaultName = "True" IsExpanded = "False" IsGroup = "False" IsHidden = "False" Path = "/Application/STK/Scenario/SomeHops" Type = "IntervalList">
                <Interval Name = "SomeHops AvailabilityIntervals" StartTime = "12 Jun 2020 19:00:00.000" StopTime = "13 Jun 2020 19:00:00.000" />
            </Row>
        </ContentView>
    </Views>
    <Views Type = "Time">
        <TimeView FullViewRulerStartTime = "0.000000" FullViewRulerStopTime = "0.000000" GlobalIntervalComp = "AnalysisInterval" GlobalIntervalCompPath = "/Application/STK/Scenario/SomeHops" GlobalStartOffset = "0.000000" GlobalStartTime = "12 Jun 2020 19:00:00.000" GlobalStopOffset = "0.000000" GlobalStopTime = "13 Jun 2020 19:00:00.000" MaxFullViewTime = "0.000000" MinFullViewTime = "0.000000" Name = "Scenario Analysis Period" ViewportStartTime = "0.000000" ViewportStopTime = "0.000000" />
    </Views>
</TimelineLine_Prefs>